condition,comparison_group,source_dataset_name,recipe_id,recipe_instance_id,recipe_label,variant,manifest_path,input_jsonl,source_manifest,source_jsonl,jobs_jsonl,augmented_manifest,distorted_output_dir,benchmark_output_dir,detector_key,detector_name,family,dataset,config_path,weights_path,weight_source,status,status_detail,return_code,device,runtime_sec,acc,auc,eer,ap,video_auc,artifacts_dir,prediction_artifacts_path,metrics_artifacts_path,log_path,command,clean_status,clean_auc,clean_ap,clean_acc,clean_eer,clean_runtime_sec,delta_auc,delta_ap,delta_acc,delta_eer,delta_runtime_sec
distorted,Dataset-1,Dataset-1,gaussian_blur_v1,gaussian_blur_v1__4a1525bdf7,gaussian_blur,0,/Users/Hao/thesis-project/training/results/final_full_thesis_matrix_top3/generated_dataset_json/Dataset-1__gaussian_blur_v1__4a1525bdf7__v0.json,/Users/Hao/thesis-project/training/results/final_full_thesis_matrix_top3/work/augmented/Dataset-1.jsonl,/Users/Hao/thesis-project/preprocessing/dataset_json/Dataset-1.json,/Users/Hao/thesis-project/training/results/final_full_thesis_matrix_top3/work/source_jsonl/Dataset-1__test.jsonl,/Users/Hao/thesis-project/training/results/final_full_thesis_matrix_top3/work/jobs/Dataset-1.jsonl,/Users/Hao/thesis-project/training/results/final_full_thesis_matrix_top3/work/augmented/Dataset-1.jsonl,/Users/Hao/thesis-project/training/results/final_full_thesis_matrix_top3/work/distorted_outputs/Dataset-1,/Users/Hao/thesis-project/training/results/final_full_thesis_matrix_top3/benchmark_runs/Dataset-1__gaussian_blur_v1__4a1525bdf7__v0,mesonet,MesoNet,naive,Dataset-1__gaussian_blur_v1__4a1525bdf7__v0,/Users/Hao/thesis-project/training/config/detector/meso4.yaml,/Users/Hao/thesis-project/training/weights/meso4_best.pth,explicit,success,,0,mps,66.772,0.48078920041536866,0.7020476241900647,0.3472,0.6048019563415707,0.7020476241900647,/Users/Hao/thesis-project/training/results/final_full_thesis_matrix_top3/benchmark_runs/Dataset-1__gaussian_blur_v1__4a1525bdf7__v0/test_artifacts/mesonet__Dataset-1__gaussian_blur_v1__4a1525bdf7__v0,/Users/Hao/thesis-project/training/results/final_full_thesis_matrix_top3/benchmark_runs/Dataset-1__gaussian_blur_v1__4a1525bdf7__v0/test_artifacts/mesonet__Dataset-1__gaussian_blur_v1__4a1525bdf7__v0/Dataset-1__gaussian_blur_v1__4a1525bdf7__v0/predictions.csv,/Users/Hao/thesis-project/training/results/final_full_thesis_matrix_top3/benchmark_runs/Dataset-1__gaussian_blur_v1__4a1525bdf7__v0/test_artifacts/mesonet__Dataset-1__gaussian_blur_v1__4a1525bdf7__v0/Dataset-1__gaussian_blur_v1__4a1525bdf7__v0/metrics.json,/Users/Hao/thesis-project/training/results/final_full_thesis_matrix_top3/benchmark_runs/Dataset-1__gaussian_blur_v1__4a1525bdf7__v0/logs/mesonet__Dataset-1__gaussian_blur_v1__4a1525bdf7__v0.log,/Users/Hao/miniconda3/envs/DeepfakeBench311/bin/python /Users/Hao/thesis-project/training/test.py --detector_path /Users/Hao/thesis-project/training/config/detector/meso4.yaml --weights_path /Users/Hao/thesis-project/training/weights/meso4_best.pth --dataset_json_folder /Users/Hao/thesis-project/training/results/final_full_thesis_matrix_top3/evaluation_dataset_json --test_dataset Dataset-1__gaussian_blur_v1__4a1525bdf7__v0 --export_artifacts_dir /Users/Hao/thesis-project/training/results/final_full_thesis_matrix_top3/benchmark_runs/Dataset-1__gaussian_blur_v1__4a1525bdf7__v0/test_artifacts/mesonet__Dataset-1__gaussian_blur_v1__4a1525bdf7__v0,success,0.6897865874730021,0.579608411618936,0.48255451713395636,0.356,70.492,0.012261036717062579,0.025193544722634797,-0.0017653167185877061,-0.008799999999999975,-3.719999999999999
distorted,Dataset-1,Dataset-1,gaussian_blur_v1,gaussian_blur_v1__4a1525bdf7,gaussian_blur,0,/Users/Hao/thesis-project/training/results/final_full_thesis_matrix_top3/generated_dataset_json/Dataset-1__gaussian_blur_v1__4a1525bdf7__v0.json,/Users/Hao/thesis-project/training/results/final_full_thesis_matrix_top3/work/augmented/Dataset-1.jsonl,/Users/Hao/thesis-project/preprocessing/dataset_json/Dataset-1.json,/Users/Hao/thesis-project/training/results/final_full_thesis_matrix_top3/work/source_jsonl/Dataset-1__test.jsonl,/Users/Hao/thesis-project/training/results/final_full_thesis_matrix_top3/work/jobs/Dataset-1.jsonl,/Users/Hao/thesis-project/training/results/final_full_thesis_matrix_top3/work/augmented/Dataset-1.jsonl,/Users/Hao/thesis-project/training/results/final_full_thesis_matrix_top3/work/distorted_outputs/Dataset-1,/Users/Hao/thesis-project/training/results/final_full_thesis_matrix_top3/benchmark_runs/Dataset-1__gaussian_blur_v1__4a1525bdf7__v0,mesoinception,MesoInception,naive,Dataset-1__gaussian_blur_v1__4a1525bdf7__v0,/Users/Hao/thesis-project/training/config/detector/meso4Inception.yaml,/Users/Hao/thesis-project/training/weights/meso4Incep_best.pth,explicit,success,,0,mps,68.902,0.4884735202492212,0.5312266738660907,0.4664,0.5102451231350389,0.5312266738660907,/Users/Hao/thesis-project/training/results/final_full_thesis_matrix_top3/benchmark_runs/Dataset-1__gaussian_blur_v1__4a1525bdf7__v0/test_artifacts/mesoinception__Dataset-1__gaussian_blur_v1__4a1525bdf7__v0,/Users/Hao/thesis-project/training/results/final_full_thesis_matrix_top3/benchmark_runs/Dataset-1__gaussian_blur_v1__4a1525bdf7__v0/test_artifacts/mesoinception__Dataset-1__gaussian_blur_v1__4a1525bdf7__v0/Dataset-1__gaussian_blur_v1__4a1525bdf7__v0/predictions.csv,/Users/Hao/thesis-project/training/results/final_full_thesis_matrix_top3/benchmark_runs/Dataset-1__gaussian_blur_v1__4a1525bdf7__v0/test_artifacts/mesoinception__Dataset-1__gaussian_blur_v1__4a1525bdf7__v0/Dataset-1__gaussian_blur_v1__4a1525bdf7__v0/metrics.json,/Users/Hao/thesis-project/training/results/final_full_thesis_matrix_top3/benchmark_runs/Dataset-1__gaussian_blur_v1__4a1525bdf7__v0/logs/mesoinception__Dataset-1__gaussian_blur_v1__4a1525bdf7__v0.log,/Users/Hao/miniconda3/envs/DeepfakeBench311/bin/python /Users/Hao/thesis-project/training/test.py --detector_path /Users/Hao/thesis-project/training/config/detector/meso4Inception.yaml --weights_path /Users/Hao/thesis-project/training/weights/meso4Incep_best.pth --dataset_json_folder /Users/Hao/thesis-project/training/results/final_full_thesis_matrix_top3/evaluation_dataset_json --test_dataset Dataset-1__gaussian_blur_v1__4a1525bdf7__v0 --export_artifacts_dir /Users/Hao/thesis-project/training/results/final_full_thesis_matrix_top3/benchmark_runs/Dataset-1__gaussian_blur_v1__4a1525bdf7__v0/test_artifacts/mesoinception__Dataset-1__gaussian_blur_v1__4a1525bdf7__v0,success,0.5606840172786177,0.5210773763478277,0.5604361370716511,0.444,69.972,-0.029457343412527037,-0.0108322532127888,-0.07196261682242988,0.022399999999999975,-1.0699999999999932
distorted,Dataset-1,Dataset-1,gaussian_blur_v1,gaussian_blur_v1__4a1525bdf7,gaussian_blur,0,/Users/Hao/thesis-project/training/results/final_full_thesis_matrix_top3/generated_dataset_json/Dataset-1__gaussian_blur_v1__4a1525bdf7__v0.json,/Users/Hao/thesis-project/training/results/final_full_thesis_matrix_top3/work/augmented/Dataset-1.jsonl,/Users/Hao/thesis-project/preprocessing/dataset_json/Dataset-1.json,/Users/Hao/thesis-project/training/results/final_full_thesis_matrix_top3/work/source_jsonl/Dataset-1__test.jsonl,/Users/Hao/thesis-project/training/results/final_full_thesis_matrix_top3/work/jobs/Dataset-1.jsonl,/Users/Hao/thesis-project/training/results/final_full_thesis_matrix_top3/work/augmented/Dataset-1.jsonl,/Users/Hao/thesis-project/training/results/final_full_thesis_matrix_top3/work/distorted_outputs/Dataset-1,/Users/Hao/thesis-project/training/results/final_full_thesis_matrix_top3/benchmark_runs/Dataset-1__gaussian_blur_v1__4a1525bdf7__v0,xception,Xception,naive,Dataset-1__gaussian_blur_v1__4a1525bdf7__v0,/Users/Hao/thesis-project/training/config/detector/xception_cpu.yaml,/Users/Hao/thesis-project/training/weights/xception_best.pth,explicit,success,,0,mps,147.007,0.6201453790238837,0.5879059395248379,0.4362,0.629129299022718,0.5879059395248379,/Users/Hao/thesis-project/training/results/final_full_thesis_matrix_top3/benchmark_runs/Dataset-1__gaussian_blur_v1__4a1525bdf7__v0/test_artifacts/xception__Dataset-1__gaussian_blur_v1__4a1525bdf7__v0,/Users/Hao/thesis-project/training/results/final_full_thesis_matrix_top3/benchmark_runs/Dataset-1__gaussian_blur_v1__4a1525bdf7__v0/test_artifacts/xception__Dataset-1__gaussian_blur_v1__4a1525bdf7__v0/Dataset-1__gaussian_blur_v1__4a1525bdf7__v0/predictions.csv,/Users/Hao/thesis-project/training/results/final_full_thesis_matrix_top3/benchmark_runs/Dataset-1__gaussian_blur_v1__4a1525bdf7__v0/test_artifacts/xception__Dataset-1__gaussian_blur_v1__4a1525bdf7__v0/Dataset-1__gaussian_blur_v1__4a1525bdf7__v0/metrics.json,/Users/Hao/thesis-project/training/results/final_full_thesis_matrix_top3/benchmark_runs/Dataset-1__gaussian_blur_v1__4a1525bdf7__v0/logs/xception__Dataset-1__gaussian_blur_v1__4a1525bdf7__v0.log,/Users/Hao/miniconda3/envs/DeepfakeBench311/bin/python /Users/Hao/thesis-project/training/test.py --detector_path /Users/Hao/thesis-project/training/config/detector/xception_cpu.yaml --weights_path /Users/Hao/thesis-project/training/weights/xception_best.pth --dataset_json_folder /Users/Hao/thesis-project/training/results/final_full_thesis_matrix_top3/evaluation_dataset_json --test_dataset Dataset-1__gaussian_blur_v1__4a1525bdf7__v0 --export_artifacts_dir /Users/Hao/thesis-project/training/results/final_full_thesis_matrix_top3/benchmark_runs/Dataset-1__gaussian_blur_v1__4a1525bdf7__v0/test_artifacts/xception__Dataset-1__gaussian_blur_v1__4a1525bdf7__v0,success,0.661575313174946,0.698849867621627,0.6425752855659398,0.392,138.128,-0.07366937365010806,-0.06972056859890907,-0.02242990654205612,0.04419999999999996,8.879000000000019
distorted,Dataset-1,Dataset-1,jpeg_compress_v1,jpeg_compress_v1__074f6a9a12,jpeg,0,/Users/Hao/thesis-project/training/results/final_full_thesis_matrix_top3/generated_dataset_json/Dataset-1__jpeg_compress_v1__074f6a9a12__v0.json,/Users/Hao/thesis-project/training/results/final_full_thesis_matrix_top3/work/augmented/Dataset-1.jsonl,/Users/Hao/thesis-project/preprocessing/dataset_json/Dataset-1.json,/Users/Hao/thesis-project/training/results/final_full_thesis_matrix_top3/work/source_jsonl/Dataset-1__test.jsonl,/Users/Hao/thesis-project/training/results/final_full_thesis_matrix_top3/work/jobs/Dataset-1.jsonl,/Users/Hao/thesis-project/training/results/final_full_thesis_matrix_top3/work/augmented/Dataset-1.jsonl,/Users/Hao/thesis-project/training/results/final_full_thesis_matrix_top3/work/distorted_outputs/Dataset-1,/Users/Hao/thesis-project/training/results/final_full_thesis_matrix_top3/benchmark_runs/Dataset-1__jpeg_compress_v1__074f6a9a12__v0,mesonet,MesoNet,naive,Dataset-1__jpeg_compress_v1__074f6a9a12__v0,/Users/Hao/thesis-project/training/config/detector/meso4.yaml,/Users/Hao/thesis-project/training/weights/meso4_best.pth,explicit,success,,0,mps,66.641,0.4838006230529595,0.7033223758099352,0.3452,0.5894224686638381,0.7033223758099352,/Users/Hao/thesis-project/training/results/final_full_thesis_matrix_top3/benchmark_runs/Dataset-1__jpeg_compress_v1__074f6a9a12__v0/test_artifacts/mesonet__Dataset-1__jpeg_compress_v1__074f6a9a12__v0,/Users/Hao/thesis-project/training/results/final_full_thesis_matrix_top3/benchmark_runs/Dataset-1__jpeg_compress_v1__074f6a9a12__v0/test_artifacts/mesonet__Dataset-1__jpeg_compress_v1__074f6a9a12__v0/Dataset-1__jpeg_compress_v1__074f6a9a12__v0/predictions.csv,/Users/Hao/thesis-project/training/results/final_full_thesis_matrix_top3/benchmark_runs/Dataset-1__jpeg_compress_v1__074f6a9a12__v0/test_artifacts/mesonet__Dataset-1__jpeg_compress_v1__074f6a9a12__v0/Dataset-1__jpeg_compress_v1__074f6a9a12__v0/metrics.json,/Users/Hao/thesis-project/training/results/final_full_thesis_matrix_top3/benchmark_runs/Dataset-1__jpeg_compress_v1__074f6a9a12__v0/logs/mesonet__Dataset-1__jpeg_compress_v1__074f6a9a12__v0.log,/Users/Hao/miniconda3/envs/DeepfakeBench311/bin/python /Users/Hao/thesis-project/training/test.py --detector_path /Users/Hao/thesis-project/training/config/detector/meso4.yaml --weights_path /Users/Hao/thesis-project/training/weights/meso4_best.pth --dataset_json_folder /Users/Hao/thesis-project/training/results/final_full_thesis_matrix_top3/evaluation_dataset_json --test_dataset Dataset-1__jpeg_compress_v1__074f6a9a12__v0 --export_artifacts_dir /Users/Hao/thesis-project/training/results/final_full_thesis_matrix_top3/benchmark_runs/Dataset-1__jpeg_compress_v1__074f6a9a12__v0/test_artifacts/mesonet__Dataset-1__jpeg_compress_v1__074f6a9a12__v0,success,0.6897865874730021,0.579608411618936,0.48255451713395636,0.356,70.492,0.01353578833693303,0.009814057044902125,0.0012461059190031487,-0.010799999999999976,-3.850999999999999
distorted,Dataset-1,Dataset-1,jpeg_compress_v1,jpeg_compress_v1__074f6a9a12,jpeg,0,/Users/Hao/thesis-project/training/results/final_full_thesis_matrix_top3/generated_dataset_json/Dataset-1__jpeg_compress_v1__074f6a9a12__v0.json,/Users/Hao/thesis-project/training/results/final_full_thesis_matrix_top3/work/augmented/Dataset-1.jsonl,/Users/Hao/thesis-project/preprocessing/dataset_json/Dataset-1.json,/Users/Hao/thesis-project/training/results/final_full_thesis_matrix_top3/work/source_jsonl/Dataset-1__test.jsonl,/Users/Hao/thesis-project/training/results/final_full_thesis_matrix_top3/work/jobs/Dataset-1.jsonl,/Users/Hao/thesis-project/training/results/final_full_thesis_matrix_top3/work/augmented/Dataset-1.jsonl,/Users/Hao/thesis-project/training/results/final_full_thesis_matrix_top3/work/distorted_outputs/Dataset-1,/Users/Hao/thesis-project/training/results/final_full_thesis_matrix_top3/benchmark_runs/Dataset-1__jpeg_compress_v1__074f6a9a12__v0,mesoinception,MesoInception,naive,Dataset-1__jpeg_compress_v1__074f6a9a12__v0,/Users/Hao/thesis-project/training/config/detector/meso4Inception.yaml,/Users/Hao/thesis-project/training/weights/meso4Incep_best.pth,explicit,success,,0,mps,70.812,0.571858774662513,0.5818972354211662,0.4284,0.5405790458493573,0.5818972354211662,/Users/Hao/thesis-project/training/results/final_full_thesis_matrix_top3/benchmark_runs/Dataset-1__jpeg_compress_v1__074f6a9a12__v0/test_artifacts/mesoinception__Dataset-1__jpeg_compress_v1__074f6a9a12__v0,/Users/Hao/thesis-project/training/results/final_full_thesis_matrix_top3/benchmark_runs/Dataset-1__jpeg_compress_v1__074f6a9a12__v0/test_artifacts/mesoinception__Dataset-1__jpeg_compress_v1__074f6a9a12__v0/Dataset-1__jpeg_compress_v1__074f6a9a12__v0/predictions.csv,/Users/Hao/thesis-project/training/results/final_full_thesis_matrix_top3/benchmark_runs/Dataset-1__jpeg_compress_v1__074f6a9a12__v0/test_artifacts/mesoinception__Dataset-1__jpeg_compress_v1__074f6a9a12__v0/Dataset-1__jpeg_compress_v1__074f6a9a12__v0/metrics.json,/Users/Hao/thesis-project/training/results/final_full_thesis_matrix_top3/benchmark_runs/Dataset-1__jpeg_compress_v1__074f6a9a12__v0/logs/mesoinception__Dataset-1__jpeg_compress_v1__074f6a9a12__v0.log,/Users/Hao/miniconda3/envs/DeepfakeBench311/bin/python /Users/Hao/thesis-project/training/test.py --detector_path /Users/Hao/thesis-project/training/config/detector/meso4Inception.yaml --weights_path /Users/Hao/thesis-project/training/weights/meso4Incep_best.pth --dataset_json_folder /Users/Hao/thesis-project/training/results/final_full_thesis_matrix_top3/evaluation_dataset_json --test_dataset Dataset-1__jpeg_compress_v1__074f6a9a12__v0 --export_artifacts_dir /Users/Hao/thesis-project/training/results/final_full_thesis_matrix_top3/benchmark_runs/Dataset-1__jpeg_compress_v1__074f6a9a12__v0/test_artifacts/mesoinception__Dataset-1__jpeg_compress_v1__074f6a9a12__v0,success,0.5606840172786177,0.5210773763478277,0.5604361370716511,0.444,69.972,0.021213218142548507,0.01950166950152965,0.011422637590861928,-0.015600000000000003,0.8400000000000034
distorted,Dataset-1,Dataset-1,jpeg_compress_v1,jpeg_compress_v1__074f6a9a12,jpeg,0,/Users/Hao/thesis-project/training/results/final_full_thesis_matrix_top3/generated_dataset_json/Dataset-1__jpeg_compress_v1__074f6a9a12__v0.json,/Users/Hao/thesis-project/training/results/final_full_thesis_matrix_top3/work/augmented/Dataset-1.jsonl,/Users/Hao/thesis-project/preprocessing/dataset_json/Dataset-1.json,/Users/Hao/thesis-project/training/results/final_full_thesis_matrix_top3/work/source_jsonl/Dataset-1__test.jsonl,/Users/Hao/thesis-project/training/results/final_full_thesis_matrix_top3/work/jobs/Dataset-1.jsonl,/Users/Hao/thesis-project/training/results/final_full_thesis_matrix_top3/work/augmented/Dataset-1.jsonl,/Users/Hao/thesis-project/training/results/final_full_thesis_matrix_top3/work/distorted_outputs/Dataset-1,/Users/Hao/thesis-project/training/results/final_full_thesis_matrix_top3/benchmark_runs/Dataset-1__jpeg_compress_v1__074f6a9a12__v0,xception,Xception,naive,Dataset-1__jpeg_compress_v1__074f6a9a12__v0,/Users/Hao/thesis-project/training/config/detector/xception_cpu.yaml,/Users/Hao/thesis-project/training/weights/xception_best.pth,explicit,success,,0,mps,147.189,0.6228452751817238,0.5479779049676026,0.4776,0.6259926894054973,0.5479779049676026,/Users/Hao/thesis-project/training/results/final_full_thesis_matrix_top3/benchmark_runs/Dataset-1__jpeg_compress_v1__074f6a9a12__v0/test_artifacts/xception__Dataset-1__jpeg_compress_v1__074f6a9a12__v0,/Users/Hao/thesis-project/training/results/final_full_thesis_matrix_top3/benchmark_runs/Dataset-1__jpeg_compress_v1__074f6a9a12__v0/test_artifacts/xception__Dataset-1__jpeg_compress_v1__074f6a9a12__v0/Dataset-1__jpeg_compress_v1__074f6a9a12__v0/predictions.csv,/Users/Hao/thesis-project/training/results/final_full_thesis_matrix_top3/benchmark_runs/Dataset-1__jpeg_compress_v1__074f6a9a12__v0/test_artifacts/xception__Dataset-1__jpeg_compress_v1__074f6a9a12__v0/Dataset-1__jpeg_compress_v1__074f6a9a12__v0/metrics.json,/Users/Hao/thesis-project/training/results/final_full_thesis_matrix_top3/benchmark_runs/Dataset-1__jpeg_compress_v1__074f6a9a12__v0/logs/xception__Dataset-1__jpeg_compress_v1__074f6a9a12__v0.log,/Users/Hao/miniconda3/envs/DeepfakeBench311/bin/python /Users/Hao/thesis-project/training/test.py --detector_path /Users/Hao/thesis-project/training/config/detector/xception_cpu.yaml --weights_path /Users/Hao/thesis-project/training/weights/xception_best.pth --dataset_json_folder /Users/Hao/thesis-project/training/results/final_full_thesis_matrix_top3/evaluation_dataset_json --test_dataset Dataset-1__jpeg_compress_v1__074f6a9a12__v0 --export_artifacts_dir /Users/Hao/thesis-project/training/results/final_full_thesis_matrix_top3/benchmark_runs/Dataset-1__jpeg_compress_v1__074f6a9a12__v0/test_artifacts/xception__Dataset-1__jpeg_compress_v1__074f6a9a12__v0,success,0.661575313174946,0.698849867621627,0.6425752855659398,0.392,138.128,-0.11359740820734343,-0.07285717821612969,-0.019730010384215957,0.08560000000000001,9.061000000000007
distorted,Dataset-1,Dataset-1,noise_v1,noise_v1__d23d8d061a,noise,0,/Users/Hao/thesis-project/training/results/final_full_thesis_matrix_top3/generated_dataset_json/Dataset-1__noise_v1__d23d8d061a__v0.json,/Users/Hao/thesis-project/training/results/final_full_thesis_matrix_top3/work/augmented/Dataset-1.jsonl,/Users/Hao/thesis-project/preprocessing/dataset_json/Dataset-1.json,/Users/Hao/thesis-project/training/results/final_full_thesis_matrix_top3/work/source_jsonl/Dataset-1__test.jsonl,/Users/Hao/thesis-project/training/results/final_full_thesis_matrix_top3/work/jobs/Dataset-1.jsonl,/Users/Hao/thesis-project/training/results/final_full_thesis_matrix_top3/work/augmented/Dataset-1.jsonl,/Users/Hao/thesis-project/training/results/final_full_thesis_matrix_top3/work/distorted_outputs/Dataset-1,/Users/Hao/thesis-project/training/results/final_full_thesis_matrix_top3/benchmark_runs/Dataset-1__noise_v1__d23d8d061a__v0,mesonet,MesoNet,naive,Dataset-1__noise_v1__d23d8d061a__v0,/Users/Hao/thesis-project/training/config/detector/meso4.yaml,/Users/Hao/thesis-project/training/weights/meso4_best.pth,explicit,success,,0,mps,67.05,0.48276220145379023,0.7687408423326134,0.297,0.6738445068645411,0.7687408423326134,/Users/Hao/thesis-project/training/results/final_full_thesis_matrix_top3/benchmark_runs/Dataset-1__noise_v1__d23d8d061a__v0/test_artifacts/mesonet__Dataset-1__noise_v1__d23d8d061a__v0,/Users/Hao/thesis-project/training/results/final_full_thesis_matrix_top3/benchmark_runs/Dataset-1__noise_v1__d23d8d061a__v0/test_artifacts/mesonet__Dataset-1__noise_v1__d23d8d061a__v0/Dataset-1__noise_v1__d23d8d061a__v0/predictions.csv,/Users/Hao/thesis-project/training/results/final_full_thesis_matrix_top3/benchmark_runs/Dataset-1__noise_v1__d23d8d061a__v0/test_artifacts/mesonet__Dataset-1__noise_v1__d23d8d061a__v0/Dataset-1__noise_v1__d23d8d061a__v0/metrics.json,/Users/Hao/thesis-project/training/results/final_full_thesis_matrix_top3/benchmark_runs/Dataset-1__noise_v1__d23d8d061a__v0/logs/mesonet__Dataset-1__noise_v1__d23d8d061a__v0.log,/Users/Hao/miniconda3/envs/DeepfakeBench311/bin/python /Users/Hao/thesis-project/training/test.py --detector_path /Users/Hao/thesis-project/training/config/detector/meso4.yaml --weights_path /Users/Hao/thesis-project/training/weights/meso4_best.pth --dataset_json_folder /Users/Hao/thesis-project/training/results/final_full_thesis_matrix_top3/evaluation_dataset_json --test_dataset Dataset-1__noise_v1__d23d8d061a__v0 --export_artifacts_dir /Users/Hao/thesis-project/training/results/final_full_thesis_matrix_top3/benchmark_runs/Dataset-1__noise_v1__d23d8d061a__v0/test_artifacts/mesonet__Dataset-1__noise_v1__d23d8d061a__v0,success,0.6897865874730021,0.579608411618936,0.48255451713395636,0.356,70.492,0.07895425485961127,0.09423609524560517,0.00020768431983386737,-0.059,-3.4420000000000073
distorted,Dataset-1,Dataset-1,noise_v1,noise_v1__d23d8d061a,noise,0,/Users/Hao/thesis-project/training/results/final_full_thesis_matrix_top3/generated_dataset_json/Dataset-1__noise_v1__d23d8d061a__v0.json,/Users/Hao/thesis-project/training/results/final_full_thesis_matrix_top3/work/augmented/Dataset-1.jsonl,/Users/Hao/thesis-project/preprocessing/dataset_json/Dataset-1.json,/Users/Hao/thesis-project/training/results/final_full_thesis_matrix_top3/work/source_jsonl/Dataset-1__test.jsonl,/Users/Hao/thesis-project/training/results/final_full_thesis_matrix_top3/work/jobs/Dataset-1.jsonl,/Users/Hao/thesis-project/training/results/final_full_thesis_matrix_top3/work/augmented/Dataset-1.jsonl,/Users/Hao/thesis-project/training/results/final_full_thesis_matrix_top3/work/distorted_outputs/Dataset-1,/Users/Hao/thesis-project/training/results/final_full_thesis_matrix_top3/benchmark_runs/Dataset-1__noise_v1__d23d8d061a__v0,mesoinception,MesoInception,naive,Dataset-1__noise_v1__d23d8d061a__v0,/Users/Hao/thesis-project/training/config/detector/meso4Inception.yaml,/Users/Hao/thesis-project/training/weights/meso4Incep_best.pth,explicit,success,,0,mps,68.824,0.6205607476635514,0.6568867818574513,0.377,0.6201661719510891,0.6568867818574513,/Users/Hao/thesis-project/training/results/final_full_thesis_matrix_top3/benchmark_runs/Dataset-1__noise_v1__d23d8d061a__v0/test_artifacts/mesoinception__Dataset-1__noise_v1__d23d8d061a__v0,/Users/Hao/thesis-project/training/results/final_full_thesis_matrix_top3/benchmark_runs/Dataset-1__noise_v1__d23d8d061a__v0/test_artifacts/mesoinception__Dataset-1__noise_v1__d23d8d061a__v0/Dataset-1__noise_v1__d23d8d061a__v0/predictions.csv,/Users/Hao/thesis-project/training/results/final_full_thesis_matrix_top3/benchmark_runs/Dataset-1__noise_v1__d23d8d061a__v0/test_artifacts/mesoinception__Dataset-1__noise_v1__d23d8d061a__v0/Dataset-1__noise_v1__d23d8d061a__v0/metrics.json,/Users/Hao/thesis-project/training/results/final_full_thesis_matrix_top3/benchmark_runs/Dataset-1__noise_v1__d23d8d061a__v0/logs/mesoinception__Dataset-1__noise_v1__d23d8d061a__v0.log,/Users/Hao/miniconda3/envs/DeepfakeBench311/bin/python /Users/Hao/thesis-project/training/test.py --detector_path /Users/Hao/thesis-project/training/config/detector/meso4Inception.yaml --weights_path /Users/Hao/thesis-project/training/weights/meso4Incep_best.pth --dataset_json_folder /Users/Hao/thesis-project/training/results/final_full_thesis_matrix_top3/evaluation_dataset_json --test_dataset Dataset-1__noise_v1__d23d8d061a__v0 --export_artifacts_dir /Users/Hao/thesis-project/training/results/final_full_thesis_matrix_top3/benchmark_runs/Dataset-1__noise_v1__d23d8d061a__v0/test_artifacts/mesoinception__Dataset-1__noise_v1__d23d8d061a__v0,success,0.5606840172786177,0.5210773763478277,0.5604361370716511,0.444,69.972,0.09620276457883359,0.09908879560326145,0.06012461059190033,-0.067,-1.1479999999999961
distorted,Dataset-1,Dataset-1,noise_v1,noise_v1__d23d8d061a,noise,0,/Users/Hao/thesis-project/training/results/final_full_thesis_matrix_top3/generated_dataset_json/Dataset-1__noise_v1__d23d8d061a__v0.json,/Users/Hao/thesis-project/training/results/final_full_thesis_matrix_top3/work/augmented/Dataset-1.jsonl,/Users/Hao/thesis-project/preprocessing/dataset_json/Dataset-1.json,/Users/Hao/thesis-project/training/results/final_full_thesis_matrix_top3/work/source_jsonl/Dataset-1__test.jsonl,/Users/Hao/thesis-project/training/results/final_full_thesis_matrix_top3/work/jobs/Dataset-1.jsonl,/Users/Hao/thesis-project/training/results/final_full_thesis_matrix_top3/work/augmented/Dataset-1.jsonl,/Users/Hao/thesis-project/training/results/final_full_thesis_matrix_top3/work/distorted_outputs/Dataset-1,/Users/Hao/thesis-project/training/results/final_full_thesis_matrix_top3/benchmark_runs/Dataset-1__noise_v1__d23d8d061a__v0,xception,Xception,naive,Dataset-1__noise_v1__d23d8d061a__v0,/Users/Hao/thesis-project/training/config/detector/xception_cpu.yaml,/Users/Hao/thesis-project/training/weights/xception_best.pth,explicit,success,,0,mps,149.345,0.518276220145379,0.40690457883369335,0.5752,0.4475007165762366,0.40690457883369335,/Users/Hao/thesis-project/training/results/final_full_thesis_matrix_top3/benchmark_runs/Dataset-1__noise_v1__d23d8d061a__v0/test_artifacts/xception__Dataset-1__noise_v1__d23d8d061a__v0,/Users/Hao/thesis-project/training/results/final_full_thesis_matrix_top3/benchmark_runs/Dataset-1__noise_v1__d23d8d061a__v0/test_artifacts/xception__Dataset-1__noise_v1__d23d8d061a__v0/Dataset-1__noise_v1__d23d8d061a__v0/predictions.csv,/Users/Hao/thesis-project/training/results/final_full_thesis_matrix_top3/benchmark_runs/Dataset-1__noise_v1__d23d8d061a__v0/test_artifacts/xception__Dataset-1__noise_v1__d23d8d061a__v0/Dataset-1__noise_v1__d23d8d061a__v0/metrics.json,/Users/Hao/thesis-project/training/results/final_full_thesis_matrix_top3/benchmark_runs/Dataset-1__noise_v1__d23d8d061a__v0/logs/xception__Dataset-1__noise_v1__d23d8d061a__v0.log,/Users/Hao/miniconda3/envs/DeepfakeBench311/bin/python /Users/Hao/thesis-project/training/test.py --detector_path /Users/Hao/thesis-project/training/config/detector/xception_cpu.yaml --weights_path /Users/Hao/thesis-project/training/weights/xception_best.pth --dataset_json_folder /Users/Hao/thesis-project/training/results/final_full_thesis_matrix_top3/evaluation_dataset_json --test_dataset Dataset-1__noise_v1__d23d8d061a__v0 --export_artifacts_dir /Users/Hao/thesis-project/training/results/final_full_thesis_matrix_top3/benchmark_runs/Dataset-1__noise_v1__d23d8d061a__v0/test_artifacts/xception__Dataset-1__noise_v1__d23d8d061a__v0,success,0.661575313174946,0.698849867621627,0.6425752855659398,0.392,138.128,-0.25467073434125265,-0.25134915104539046,-0.1242990654205608,0.18320000000000003,11.217000000000013
distorted,Dataset-1,Dataset-1,snapchat_text_overlay_v1,snapchat_text_overlay_v1__ddc9a26517,text_overlay,0,/Users/Hao/thesis-project/training/results/final_full_thesis_matrix_top3/generated_dataset_json/Dataset-1__snapchat_text_overlay_v1__ddc9a26517__v0.json,/Users/Hao/thesis-project/training/results/final_full_thesis_matrix_top3/work/augmented/Dataset-1.jsonl,/Users/Hao/thesis-project/preprocessing/dataset_json/Dataset-1.json,/Users/Hao/thesis-project/training/results/final_full_thesis_matrix_top3/work/source_jsonl/Dataset-1__test.jsonl,/Users/Hao/thesis-project/training/results/final_full_thesis_matrix_top3/work/jobs/Dataset-1.jsonl,/Users/Hao/thesis-project/training/results/final_full_thesis_matrix_top3/work/augmented/Dataset-1.jsonl,/Users/Hao/thesis-project/training/results/final_full_thesis_matrix_top3/work/distorted_outputs/Dataset-1,/Users/Hao/thesis-project/training/results/final_full_thesis_matrix_top3/benchmark_runs/Dataset-1__snapchat_text_overlay_v1__ddc9a26517__v0,mesonet,MesoNet,naive,Dataset-1__snapchat_text_overlay_v1__ddc9a26517__v0,/Users/Hao/thesis-project/training/config/detector/meso4.yaml,/Users/Hao/thesis-project/training/weights/meso4_best.pth,explicit,success,,0,mps,66.221,0.5186915887850467,0.6658723110151188,0.3772,0.6003872016421585,0.6658723110151188,/Users/Hao/thesis-project/training/results/final_full_thesis_matrix_top3/benchmark_runs/Dataset-1__snapchat_text_overlay_v1__ddc9a26517__v0/test_artifacts/mesonet__Dataset-1__snapchat_text_overlay_v1__ddc9a26517__v0,/Users/Hao/thesis-project/training/results/final_full_thesis_matrix_top3/benchmark_runs/Dataset-1__snapchat_text_overlay_v1__ddc9a26517__v0/test_artifacts/mesonet__Dataset-1__snapchat_text_overlay_v1__ddc9a26517__v0/Dataset-1__snapchat_text_overlay_v1__ddc9a26517__v0/predictions.csv,/Users/Hao/thesis-project/training/results/final_full_thesis_matrix_top3/benchmark_runs/Dataset-1__snapchat_text_overlay_v1__ddc9a26517__v0/test_artifacts/mesonet__Dataset-1__snapchat_text_overlay_v1__ddc9a26517__v0/Dataset-1__snapchat_text_overlay_v1__ddc9a26517__v0/metrics.json,/Users/Hao/thesis-project/training/results/final_full_thesis_matrix_top3/benchmark_runs/Dataset-1__snapchat_text_overlay_v1__ddc9a26517__v0/logs/mesonet__Dataset-1__snapchat_text_overlay_v1__ddc9a26517__v0.log,/Users/Hao/miniconda3/envs/DeepfakeBench311/bin/python /Users/Hao/thesis-project/training/test.py --detector_path /Users/Hao/thesis-project/training/config/detector/meso4.yaml --weights_path /Users/Hao/thesis-project/training/weights/meso4_best.pth --dataset_json_folder /Users/Hao/thesis-project/training/results/final_full_thesis_matrix_top3/evaluation_dataset_json --test_dataset Dataset-1__snapchat_text_overlay_v1__ddc9a26517__v0 --export_artifacts_dir /Users/Hao/thesis-project/training/results/final_full_thesis_matrix_top3/benchmark_runs/Dataset-1__snapchat_text_overlay_v1__ddc9a26517__v0/test_artifacts/mesonet__Dataset-1__snapchat_text_overlay_v1__ddc9a26517__v0,success,0.6897865874730021,0.579608411618936,0.48255451713395636,0.356,70.492,-0.023914276457883354,0.020778790023222582,0.03613707165109037,0.021199999999999997,-4.271000000000001
distorted,Dataset-1,Dataset-1,snapchat_text_overlay_v1,snapchat_text_overlay_v1__ddc9a26517,text_overlay,0,/Users/Hao/thesis-project/training/results/final_full_thesis_matrix_top3/generated_dataset_json/Dataset-1__snapchat_text_overlay_v1__ddc9a26517__v0.json,/Users/Hao/thesis-project/training/results/final_full_thesis_matrix_top3/work/augmented/Dataset-1.jsonl,/Users/Hao/thesis-project/preprocessing/dataset_json/Dataset-1.json,/Users/Hao/thesis-project/training/results/final_full_thesis_matrix_top3/work/source_jsonl/Dataset-1__test.jsonl,/Users/Hao/thesis-project/training/results/final_full_thesis_matrix_top3/work/jobs/Dataset-1.jsonl,/Users/Hao/thesis-project/training/results/final_full_thesis_matrix_top3/work/augmented/Dataset-1.jsonl,/Users/Hao/thesis-project/training/results/final_full_thesis_matrix_top3/work/distorted_outputs/Dataset-1,/Users/Hao/thesis-project/training/results/final_full_thesis_matrix_top3/benchmark_runs/Dataset-1__snapchat_text_overlay_v1__ddc9a26517__v0,mesoinception,MesoInception,naive,Dataset-1__snapchat_text_overlay_v1__ddc9a26517__v0,/Users/Hao/thesis-project/training/config/detector/meso4Inception.yaml,/Users/Hao/thesis-project/training/weights/meso4Incep_best.pth,explicit,success,,0,mps,68.804,0.5295950155763239,0.5353720518358531,0.4766,0.49565305958897576,0.5353720518358531,/Users/Hao/thesis-project/training/results/final_full_thesis_matrix_top3/benchmark_runs/Dataset-1__snapchat_text_overlay_v1__ddc9a26517__v0/test_artifacts/mesoinception__Dataset-1__snapchat_text_overlay_v1__ddc9a26517__v0,/Users/Hao/thesis-project/training/results/final_full_thesis_matrix_top3/benchmark_runs/Dataset-1__snapchat_text_overlay_v1__ddc9a26517__v0/test_artifacts/mesoinception__Dataset-1__snapchat_text_overlay_v1__ddc9a26517__v0/Dataset-1__snapchat_text_overlay_v1__ddc9a26517__v0/predictions.csv,/Users/Hao/thesis-project/training/results/final_full_thesis_matrix_top3/benchmark_runs/Dataset-1__snapchat_text_overlay_v1__ddc9a26517__v0/test_artifacts/mesoinception__Dataset-1__snapchat_text_overlay_v1__ddc9a26517__v0/Dataset-1__snapchat_text_overlay_v1__ddc9a26517__v0/metrics.json,/Users/Hao/thesis-project/training/results/final_full_thesis_matrix_top3/benchmark_runs/Dataset-1__snapchat_text_overlay_v1__ddc9a26517__v0/logs/mesoinception__Dataset-1__snapchat_text_overlay_v1__ddc9a26517__v0.log,/Users/Hao/miniconda3/envs/DeepfakeBench311/bin/python /Users/Hao/thesis-project/training/test.py --detector_path /Users/Hao/thesis-project/training/config/detector/meso4Inception.yaml --weights_path /Users/Hao/thesis-project/training/weights/meso4Incep_best.pth --dataset_json_folder /Users/Hao/thesis-project/training/results/final_full_thesis_matrix_top3/evaluation_dataset_json --test_dataset Dataset-1__snapchat_text_overlay_v1__ddc9a26517__v0 --export_artifacts_dir /Users/Hao/thesis-project/training/results/final_full_thesis_matrix_top3/benchmark_runs/Dataset-1__snapchat_text_overlay_v1__ddc9a26517__v0/test_artifacts/mesoinception__Dataset-1__snapchat_text_overlay_v1__ddc9a26517__v0,success,0.5606840172786177,0.5210773763478277,0.5604361370716511,0.444,69.972,-0.025311965442764595,-0.025424316758851928,-0.03084112149532714,0.03260000000000002,-1.1679999999999922
distorted,Dataset-1,Dataset-1,snapchat_text_overlay_v1,snapchat_text_overlay_v1__ddc9a26517,text_overlay,0,/Users/Hao/thesis-project/training/results/final_full_thesis_matrix_top3/generated_dataset_json/Dataset-1__snapchat_text_overlay_v1__ddc9a26517__v0.json,/Users/Hao/thesis-project/training/results/final_full_thesis_matrix_top3/work/augmented/Dataset-1.jsonl,/Users/Hao/thesis-project/preprocessing/dataset_json/Dataset-1.json,/Users/Hao/thesis-project/training/results/final_full_thesis_matrix_top3/work/source_jsonl/Dataset-1__test.jsonl,/Users/Hao/thesis-project/training/results/final_full_thesis_matrix_top3/work/jobs/Dataset-1.jsonl,/Users/Hao/thesis-project/training/results/final_full_thesis_matrix_top3/work/augmented/Dataset-1.jsonl,/Users/Hao/thesis-project/training/results/final_full_thesis_matrix_top3/work/distorted_outputs/Dataset-1,/Users/Hao/thesis-project/training/results/final_full_thesis_matrix_top3/benchmark_runs/Dataset-1__snapchat_text_overlay_v1__ddc9a26517__v0,xception,Xception,naive,Dataset-1__snapchat_text_overlay_v1__ddc9a26517__v0,/Users/Hao/thesis-project/training/config/detector/xception_cpu.yaml,/Users/Hao/thesis-project/training/weights/xception_best.pth,explicit,success,,0,mps,146.634,0.6838006230529595,0.625102030237581,0.4476,0.7046156773557934,0.625102030237581,/Users/Hao/thesis-project/training/results/final_full_thesis_matrix_top3/benchmark_runs/Dataset-1__snapchat_text_overlay_v1__ddc9a26517__v0/test_artifacts/xception__Dataset-1__snapchat_text_overlay_v1__ddc9a26517__v0,/Users/Hao/thesis-project/training/results/final_full_thesis_matrix_top3/benchmark_runs/Dataset-1__snapchat_text_overlay_v1__ddc9a26517__v0/test_artifacts/xception__Dataset-1__snapchat_text_overlay_v1__ddc9a26517__v0/Dataset-1__snapchat_text_overlay_v1__ddc9a26517__v0/predictions.csv,/Users/Hao/thesis-project/training/results/final_full_thesis_matrix_top3/benchmark_runs/Dataset-1__snapchat_text_overlay_v1__ddc9a26517__v0/test_artifacts/xception__Dataset-1__snapchat_text_overlay_v1__ddc9a26517__v0/Dataset-1__snapchat_text_overlay_v1__ddc9a26517__v0/metrics.json,/Users/Hao/thesis-project/training/results/final_full_thesis_matrix_top3/benchmark_runs/Dataset-1__snapchat_text_overlay_v1__ddc9a26517__v0/logs/xception__Dataset-1__snapchat_text_overlay_v1__ddc9a26517__v0.log,/Users/Hao/miniconda3/envs/DeepfakeBench311/bin/python /Users/Hao/thesis-project/training/test.py --detector_path /Users/Hao/thesis-project/training/config/detector/xception_cpu.yaml --weights_path /Users/Hao/thesis-project/training/weights/xception_best.pth --dataset_json_folder /Users/Hao/thesis-project/training/results/final_full_thesis_matrix_top3/evaluation_dataset_json --test_dataset Dataset-1__snapchat_text_overlay_v1__ddc9a26517__v0 --export_artifacts_dir /Users/Hao/thesis-project/training/results/final_full_thesis_matrix_top3/benchmark_runs/Dataset-1__snapchat_text_overlay_v1__ddc9a26517__v0/test_artifacts/xception__Dataset-1__snapchat_text_overlay_v1__ddc9a26517__v0,success,0.661575313174946,0.698849867621627,0.6425752855659398,0.392,138.128,-0.03647328293736496,0.005765809734166405,0.04122533748701973,0.05559999999999998,8.506
distorted,NVIDIA-dataset,NVIDIA-dataset,gaussian_blur_v1,gaussian_blur_v1__4a1525bdf7,gaussian_blur,0,/Users/Hao/thesis-project/training/results/final_full_thesis_matrix_top3/generated_dataset_json/NVIDIA-dataset__gaussian_blur_v1__4a1525bdf7__v0.json,/Users/Hao/thesis-project/training/results/final_full_thesis_matrix_top3/work/augmented/NVIDIA-dataset.jsonl,/Users/Hao/thesis-project/preprocessing/dataset_json/NVIDIA-dataset.json,/Users/Hao/thesis-project/training/results/final_full_thesis_matrix_top3/work/source_jsonl/NVIDIA-dataset__test.jsonl,/Users/Hao/thesis-project/training/results/final_full_thesis_matrix_top3/work/jobs/NVIDIA-dataset.jsonl,/Users/Hao/thesis-project/training/results/final_full_thesis_matrix_top3/work/augmented/NVIDIA-dataset.jsonl,/Users/Hao/thesis-project/training/results/final_full_thesis_matrix_top3/work/distorted_outputs/NVIDIA-dataset,/Users/Hao/thesis-project/training/results/final_full_thesis_matrix_top3/benchmark_runs/NVIDIA-dataset__gaussian_blur_v1__4a1525bdf7__v0,mesonet,MesoNet,naive,NVIDIA-dataset__gaussian_blur_v1__4a1525bdf7__v0,/Users/Hao/thesis-project/training/config/detector/meso4.yaml,/Users/Hao/thesis-project/training/weights/meso4_best.pth,explicit,success,,0,mps,72.412,0.5,0.5378799400000001,0.4672,0.5213071937297864,0.5378799400000001,/Users/Hao/thesis-project/training/results/final_full_thesis_matrix_top3/benchmark_runs/NVIDIA-dataset__gaussian_blur_v1__4a1525bdf7__v0/test_artifacts/mesonet__NVIDIA-dataset__gaussian_blur_v1__4a1525bdf7__v0,/Users/Hao/thesis-project/training/results/final_full_thesis_matrix_top3/benchmark_runs/NVIDIA-dataset__gaussian_blur_v1__4a1525bdf7__v0/test_artifacts/mesonet__NVIDIA-dataset__gaussian_blur_v1__4a1525bdf7__v0/NVIDIA-dataset__gaussian_blur_v1__4a1525bdf7__v0/predictions.csv,/Users/Hao/thesis-project/training/results/final_full_thesis_matrix_top3/benchmark_runs/NVIDIA-dataset__gaussian_blur_v1__4a1525bdf7__v0/test_artifacts/mesonet__NVIDIA-dataset__gaussian_blur_v1__4a1525bdf7__v0/NVIDIA-dataset__gaussian_blur_v1__4a1525bdf7__v0/metrics.json,/Users/Hao/thesis-project/training/results/final_full_thesis_matrix_top3/benchmark_runs/NVIDIA-dataset__gaussian_blur_v1__4a1525bdf7__v0/logs/mesonet__NVIDIA-dataset__gaussian_blur_v1__4a1525bdf7__v0.log,/Users/Hao/miniconda3/envs/DeepfakeBench311/bin/python /Users/Hao/thesis-project/training/test.py --detector_path /Users/Hao/thesis-project/training/config/detector/meso4.yaml --weights_path /Users/Hao/thesis-project/training/weights/meso4_best.pth --dataset_json_folder /Users/Hao/thesis-project/training/results/final_full_thesis_matrix_top3/evaluation_dataset_json --test_dataset NVIDIA-dataset__gaussian_blur_v1__4a1525bdf7__v0 --export_artifacts_dir /Users/Hao/thesis-project/training/results/final_full_thesis_matrix_top3/benchmark_runs/NVIDIA-dataset__gaussian_blur_v1__4a1525bdf7__v0/test_artifacts/mesonet__NVIDIA-dataset__gaussian_blur_v1__4a1525bdf7__v0,success,0.51938042,0.5005343575423739,0.50065,0.4849,72.858,0.018499520000000103,0.020772836187412547,-0.0006500000000000394,-0.017699999999999994,-0.44599999999999795
distorted,NVIDIA-dataset,NVIDIA-dataset,gaussian_blur_v1,gaussian_blur_v1__4a1525bdf7,gaussian_blur,0,/Users/Hao/thesis-project/training/results/final_full_thesis_matrix_top3/generated_dataset_json/NVIDIA-dataset__gaussian_blur_v1__4a1525bdf7__v0.json,/Users/Hao/thesis-project/training/results/final_full_thesis_matrix_top3/work/augmented/NVIDIA-dataset.jsonl,/Users/Hao/thesis-project/preprocessing/dataset_json/NVIDIA-dataset.json,/Users/Hao/thesis-project/training/results/final_full_thesis_matrix_top3/work/source_jsonl/NVIDIA-dataset__test.jsonl,/Users/Hao/thesis-project/training/results/final_full_thesis_matrix_top3/work/jobs/NVIDIA-dataset.jsonl,/Users/Hao/thesis-project/training/results/final_full_thesis_matrix_top3/work/augmented/NVIDIA-dataset.jsonl,/Users/Hao/thesis-project/training/results/final_full_thesis_matrix_top3/work/distorted_outputs/NVIDIA-dataset,/Users/Hao/thesis-project/training/results/final_full_thesis_matrix_top3/benchmark_runs/NVIDIA-dataset__gaussian_blur_v1__4a1525bdf7__v0,mesoinception,MesoInception,naive,NVIDIA-dataset__gaussian_blur_v1__4a1525bdf7__v0,/Users/Hao/thesis-project/training/config/detector/meso4Inception.yaml,/Users/Hao/thesis-project/training/weights/meso4Incep_best.pth,explicit,success,,0,mps,78.751,0.47125,0.45308435999999996,0.5369,0.4656252291777991,0.45308435999999996,/Users/Hao/thesis-project/training/results/final_full_thesis_matrix_top3/benchmark_runs/NVIDIA-dataset__gaussian_blur_v1__4a1525bdf7__v0/test_artifacts/mesoinception__NVIDIA-dataset__gaussian_blur_v1__4a1525bdf7__v0,/Users/Hao/thesis-project/training/results/final_full_thesis_matrix_top3/benchmark_runs/NVIDIA-dataset__gaussian_blur_v1__4a1525bdf7__v0/test_artifacts/mesoinception__NVIDIA-dataset__gaussian_blur_v1__4a1525bdf7__v0/NVIDIA-dataset__gaussian_blur_v1__4a1525bdf7__v0/predictions.csv,/Users/Hao/thesis-project/training/results/final_full_thesis_matrix_top3/benchmark_runs/NVIDIA-dataset__gaussian_blur_v1__4a1525bdf7__v0/test_artifacts/mesoinception__NVIDIA-dataset__gaussian_blur_v1__4a1525bdf7__v0/NVIDIA-dataset__gaussian_blur_v1__4a1525bdf7__v0/metrics.json,/Users/Hao/thesis-project/training/results/final_full_thesis_matrix_top3/benchmark_runs/NVIDIA-dataset__gaussian_blur_v1__4a1525bdf7__v0/logs/mesoinception__NVIDIA-dataset__gaussian_blur_v1__4a1525bdf7__v0.log,/Users/Hao/miniconda3/envs/DeepfakeBench311/bin/python /Users/Hao/thesis-project/training/test.py --detector_path /Users/Hao/thesis-project/training/config/detector/meso4Inception.yaml --weights_path /Users/Hao/thesis-project/training/weights/meso4Incep_best.pth --dataset_json_folder /Users/Hao/thesis-project/training/results/final_full_thesis_matrix_top3/evaluation_dataset_json --test_dataset NVIDIA-dataset__gaussian_blur_v1__4a1525bdf7__v0 --export_artifacts_dir /Users/Hao/thesis-project/training/results/final_full_thesis_matrix_top3/benchmark_runs/NVIDIA-dataset__gaussian_blur_v1__4a1525bdf7__v0/test_artifacts/mesoinception__NVIDIA-dataset__gaussian_blur_v1__4a1525bdf7__v0,success,0.467774925,0.4724492762690568,0.47755,0.5226,80.111,-0.014690565000000044,-0.006824047091257723,-0.006299999999999972,0.01430000000000009,-1.3599999999999994
distorted,NVIDIA-dataset,NVIDIA-dataset,gaussian_blur_v1,gaussian_blur_v1__4a1525bdf7,gaussian_blur,0,/Users/Hao/thesis-project/training/results/final_full_thesis_matrix_top3/generated_dataset_json/NVIDIA-dataset__gaussian_blur_v1__4a1525bdf7__v0.json,/Users/Hao/thesis-project/training/results/final_full_thesis_matrix_top3/work/augmented/NVIDIA-dataset.jsonl,/Users/Hao/thesis-project/preprocessing/dataset_json/NVIDIA-dataset.json,/Users/Hao/thesis-project/training/results/final_full_thesis_matrix_top3/work/source_jsonl/NVIDIA-dataset__test.jsonl,/Users/Hao/thesis-project/training/results/final_full_thesis_matrix_top3/work/jobs/NVIDIA-dataset.jsonl,/Users/Hao/thesis-project/training/results/final_full_thesis_matrix_top3/work/augmented/NVIDIA-dataset.jsonl,/Users/Hao/thesis-project/training/results/final_full_thesis_matrix_top3/work/distorted_outputs/NVIDIA-dataset,/Users/Hao/thesis-project/training/results/final_full_thesis_matrix_top3/benchmark_runs/NVIDIA-dataset__gaussian_blur_v1__4a1525bdf7__v0,xception,Xception,naive,NVIDIA-dataset__gaussian_blur_v1__4a1525bdf7__v0,/Users/Hao/thesis-project/training/config/detector/xception_cpu.yaml,/Users/Hao/thesis-project/training/weights/xception_best.pth,explicit,success,,0,mps,344.328,0.4583,0.42329792,0.5528,0.44350348338978623,0.42329792,/Users/Hao/thesis-project/training/results/final_full_thesis_matrix_top3/benchmark_runs/NVIDIA-dataset__gaussian_blur_v1__4a1525bdf7__v0/test_artifacts/xception__NVIDIA-dataset__gaussian_blur_v1__4a1525bdf7__v0,/Users/Hao/thesis-project/training/results/final_full_thesis_matrix_top3/benchmark_runs/NVIDIA-dataset__gaussian_blur_v1__4a1525bdf7__v0/test_artifacts/xception__NVIDIA-dataset__gaussian_blur_v1__4a1525bdf7__v0/NVIDIA-dataset__gaussian_blur_v1__4a1525bdf7__v0/predictions.csv,/Users/Hao/thesis-project/training/results/final_full_thesis_matrix_top3/benchmark_runs/NVIDIA-dataset__gaussian_blur_v1__4a1525bdf7__v0/test_artifacts/xception__NVIDIA-dataset__gaussian_blur_v1__4a1525bdf7__v0/NVIDIA-dataset__gaussian_blur_v1__4a1525bdf7__v0/metrics.json,/Users/Hao/thesis-project/training/results/final_full_thesis_matrix_top3/benchmark_runs/NVIDIA-dataset__gaussian_blur_v1__4a1525bdf7__v0/logs/xception__NVIDIA-dataset__gaussian_blur_v1__4a1525bdf7__v0.log,/Users/Hao/miniconda3/envs/DeepfakeBench311/bin/python /Users/Hao/thesis-project/training/test.py --detector_path /Users/Hao/thesis-project/training/config/detector/xception_cpu.yaml --weights_path /Users/Hao/thesis-project/training/weights/xception_best.pth --dataset_json_folder /Users/Hao/thesis-project/training/results/final_full_thesis_matrix_top3/evaluation_dataset_json --test_dataset NVIDIA-dataset__gaussian_blur_v1__4a1525bdf7__v0 --export_artifacts_dir /Users/Hao/thesis-project/training/results/final_full_thesis_matrix_top3/benchmark_runs/NVIDIA-dataset__gaussian_blur_v1__4a1525bdf7__v0/test_artifacts/xception__NVIDIA-dataset__gaussian_blur_v1__4a1525bdf7__v0,success,0.430087405,0.45829074175490203,0.47255,0.5598,289.029,-0.006789484999999984,-0.014787258365115796,-0.01425000000000004,-0.007000000000000006,55.29899999999998
distorted,NVIDIA-dataset,NVIDIA-dataset,jpeg_compress_v1,jpeg_compress_v1__074f6a9a12,jpeg,0,/Users/Hao/thesis-project/training/results/final_full_thesis_matrix_top3/generated_dataset_json/NVIDIA-dataset__jpeg_compress_v1__074f6a9a12__v0.json,/Users/Hao/thesis-project/training/results/final_full_thesis_matrix_top3/work/augmented/NVIDIA-dataset.jsonl,/Users/Hao/thesis-project/preprocessing/dataset_json/NVIDIA-dataset.json,/Users/Hao/thesis-project/training/results/final_full_thesis_matrix_top3/work/source_jsonl/NVIDIA-dataset__test.jsonl,/Users/Hao/thesis-project/training/results/final_full_thesis_matrix_top3/work/jobs/NVIDIA-dataset.jsonl,/Users/Hao/thesis-project/training/results/final_full_thesis_matrix_top3/work/augmented/NVIDIA-dataset.jsonl,/Users/Hao/thesis-project/training/results/final_full_thesis_matrix_top3/work/distorted_outputs/NVIDIA-dataset,/Users/Hao/thesis-project/training/results/final_full_thesis_matrix_top3/benchmark_runs/NVIDIA-dataset__jpeg_compress_v1__074f6a9a12__v0,mesonet,MesoNet,naive,NVIDIA-dataset__jpeg_compress_v1__074f6a9a12__v0,/Users/Hao/thesis-project/training/config/detector/meso4.yaml,/Users/Hao/thesis-project/training/weights/meso4_best.pth,explicit,success,,0,mps,72.753,0.5008,0.518125525,0.4851,0.49993680417801273,0.518125525,/Users/Hao/thesis-project/training/results/final_full_thesis_matrix_top3/benchmark_runs/NVIDIA-dataset__jpeg_compress_v1__074f6a9a12__v0/test_artifacts/mesonet__NVIDIA-dataset__jpeg_compress_v1__074f6a9a12__v0,/Users/Hao/thesis-project/training/results/final_full_thesis_matrix_top3/benchmark_runs/NVIDIA-dataset__jpeg_compress_v1__074f6a9a12__v0/test_artifacts/mesonet__NVIDIA-dataset__jpeg_compress_v1__074f6a9a12__v0/NVIDIA-dataset__jpeg_compress_v1__074f6a9a12__v0/predictions.csv,/Users/Hao/thesis-project/training/results/final_full_thesis_matrix_top3/benchmark_runs/NVIDIA-dataset__jpeg_compress_v1__074f6a9a12__v0/test_artifacts/mesonet__NVIDIA-dataset__jpeg_compress_v1__074f6a9a12__v0/NVIDIA-dataset__jpeg_compress_v1__074f6a9a12__v0/metrics.json,/Users/Hao/thesis-project/training/results/final_full_thesis_matrix_top3/benchmark_runs/NVIDIA-dataset__jpeg_compress_v1__074f6a9a12__v0/logs/mesonet__NVIDIA-dataset__jpeg_compress_v1__074f6a9a12__v0.log,/Users/Hao/miniconda3/envs/DeepfakeBench311/bin/python /Users/Hao/thesis-project/training/test.py --detector_path /Users/Hao/thesis-project/training/config/detector/meso4.yaml --weights_path /Users/Hao/thesis-project/training/weights/meso4_best.pth --dataset_json_folder /Users/Hao/thesis-project/training/results/final_full_thesis_matrix_top3/evaluation_dataset_json --test_dataset NVIDIA-dataset__jpeg_compress_v1__074f6a9a12__v0 --export_artifacts_dir /Users/Hao/thesis-project/training/results/final_full_thesis_matrix_top3/benchmark_runs/NVIDIA-dataset__jpeg_compress_v1__074f6a9a12__v0/test_artifacts/mesonet__NVIDIA-dataset__jpeg_compress_v1__074f6a9a12__v0,success,0.51938042,0.5005343575423739,0.50065,0.4849,72.858,-0.0012548949999999781,-0.0005975533643611253,0.00014999999999998348,0.00019999999999997797,-0.10500000000000398
distorted,NVIDIA-dataset,NVIDIA-dataset,jpeg_compress_v1,jpeg_compress_v1__074f6a9a12,jpeg,0,/Users/Hao/thesis-project/training/results/final_full_thesis_matrix_top3/generated_dataset_json/NVIDIA-dataset__jpeg_compress_v1__074f6a9a12__v0.json,/Users/Hao/thesis-project/training/results/final_full_thesis_matrix_top3/work/augmented/NVIDIA-dataset.jsonl,/Users/Hao/thesis-project/preprocessing/dataset_json/NVIDIA-dataset.json,/Users/Hao/thesis-project/training/results/final_full_thesis_matrix_top3/work/source_jsonl/NVIDIA-dataset__test.jsonl,/Users/Hao/thesis-project/training/results/final_full_thesis_matrix_top3/work/jobs/NVIDIA-dataset.jsonl,/Users/Hao/thesis-project/training/results/final_full_thesis_matrix_top3/work/augmented/NVIDIA-dataset.jsonl,/Users/Hao/thesis-project/training/results/final_full_thesis_matrix_top3/work/distorted_outputs/NVIDIA-dataset,/Users/Hao/thesis-project/training/results/final_full_thesis_matrix_top3/benchmark_runs/NVIDIA-dataset__jpeg_compress_v1__074f6a9a12__v0,mesoinception,MesoInception,naive,NVIDIA-dataset__jpeg_compress_v1__074f6a9a12__v0,/Users/Hao/thesis-project/training/config/detector/meso4Inception.yaml,/Users/Hao/thesis-project/training/weights/meso4Incep_best.pth,explicit,success,,0,mps,79.143,0.4724,0.4629158749999999,0.5271,0.46984648626773406,0.4629158749999999,/Users/Hao/thesis-project/training/results/final_full_thesis_matrix_top3/benchmark_runs/NVIDIA-dataset__jpeg_compress_v1__074f6a9a12__v0/test_artifacts/mesoinception__NVIDIA-dataset__jpeg_compress_v1__074f6a9a12__v0,/Users/Hao/thesis-project/training/results/final_full_thesis_matrix_top3/benchmark_runs/NVIDIA-dataset__jpeg_compress_v1__074f6a9a12__v0/test_artifacts/mesoinception__NVIDIA-dataset__jpeg_compress_v1__074f6a9a12__v0/NVIDIA-dataset__jpeg_compress_v1__074f6a9a12__v0/predictions.csv,/Users/Hao/thesis-project/training/results/final_full_thesis_matrix_top3/benchmark_runs/NVIDIA-dataset__jpeg_compress_v1__074f6a9a12__v0/test_artifacts/mesoinception__NVIDIA-dataset__jpeg_compress_v1__074f6a9a12__v0/NVIDIA-dataset__jpeg_compress_v1__074f6a9a12__v0/metrics.json,/Users/Hao/thesis-project/training/results/final_full_thesis_matrix_top3/benchmark_runs/NVIDIA-dataset__jpeg_compress_v1__074f6a9a12__v0/logs/mesoinception__NVIDIA-dataset__jpeg_compress_v1__074f6a9a12__v0.log,/Users/Hao/miniconda3/envs/DeepfakeBench311/bin/python /Users/Hao/thesis-project/training/test.py --detector_path /Users/Hao/thesis-project/training/config/detector/meso4Inception.yaml --weights_path /Users/Hao/thesis-project/training/weights/meso4Incep_best.pth --dataset_json_folder /Users/Hao/thesis-project/training/results/final_full_thesis_matrix_top3/evaluation_dataset_json --test_dataset NVIDIA-dataset__jpeg_compress_v1__074f6a9a12__v0 --export_artifacts_dir /Users/Hao/thesis-project/training/results/final_full_thesis_matrix_top3/benchmark_runs/NVIDIA-dataset__jpeg_compress_v1__074f6a9a12__v0/test_artifacts/mesoinception__NVIDIA-dataset__jpeg_compress_v1__074f6a9a12__v0,success,0.467774925,0.4724492762690568,0.47755,0.5226,80.111,-0.004859050000000087,-0.002602790001322741,-0.005149999999999988,0.0045000000000000595,-0.9680000000000035
distorted,NVIDIA-dataset,NVIDIA-dataset,jpeg_compress_v1,jpeg_compress_v1__074f6a9a12,jpeg,0,/Users/Hao/thesis-project/training/results/final_full_thesis_matrix_top3/generated_dataset_json/NVIDIA-dataset__jpeg_compress_v1__074f6a9a12__v0.json,/Users/Hao/thesis-project/training/results/final_full_thesis_matrix_top3/work/augmented/NVIDIA-dataset.jsonl,/Users/Hao/thesis-project/preprocessing/dataset_json/NVIDIA-dataset.json,/Users/Hao/thesis-project/training/results/final_full_thesis_matrix_top3/work/source_jsonl/NVIDIA-dataset__test.jsonl,/Users/Hao/thesis-project/training/results/final_full_thesis_matrix_top3/work/jobs/NVIDIA-dataset.jsonl,/Users/Hao/thesis-project/training/results/final_full_thesis_matrix_top3/work/augmented/NVIDIA-dataset.jsonl,/Users/Hao/thesis-project/training/results/final_full_thesis_matrix_top3/work/distorted_outputs/NVIDIA-dataset,/Users/Hao/thesis-project/training/results/final_full_thesis_matrix_top3/benchmark_runs/NVIDIA-dataset__jpeg_compress_v1__074f6a9a12__v0,xception,Xception,naive,NVIDIA-dataset__jpeg_compress_v1__074f6a9a12__v0,/Users/Hao/thesis-project/training/config/detector/xception_cpu.yaml,/Users/Hao/thesis-project/training/weights/xception_best.pth,explicit,success,,0,mps,349.945,0.4755,0.41617640499999997,0.5663,0.44912697492664894,0.41617640499999997,/Users/Hao/thesis-project/training/results/final_full_thesis_matrix_top3/benchmark_runs/NVIDIA-dataset__jpeg_compress_v1__074f6a9a12__v0/test_artifacts/xception__NVIDIA-dataset__jpeg_compress_v1__074f6a9a12__v0,/Users/Hao/thesis-project/training/results/final_full_thesis_matrix_top3/benchmark_runs/NVIDIA-dataset__jpeg_compress_v1__074f6a9a12__v0/test_artifacts/xception__NVIDIA-dataset__jpeg_compress_v1__074f6a9a12__v0/NVIDIA-dataset__jpeg_compress_v1__074f6a9a12__v0/predictions.csv,/Users/Hao/thesis-project/training/results/final_full_thesis_matrix_top3/benchmark_runs/NVIDIA-dataset__jpeg_compress_v1__074f6a9a12__v0/test_artifacts/xception__NVIDIA-dataset__jpeg_compress_v1__074f6a9a12__v0/NVIDIA-dataset__jpeg_compress_v1__074f6a9a12__v0/metrics.json,/Users/Hao/thesis-project/training/results/final_full_thesis_matrix_top3/benchmark_runs/NVIDIA-dataset__jpeg_compress_v1__074f6a9a12__v0/logs/xception__NVIDIA-dataset__jpeg_compress_v1__074f6a9a12__v0.log,/Users/Hao/miniconda3/envs/DeepfakeBench311/bin/python /Users/Hao/thesis-project/training/test.py --detector_path /Users/Hao/thesis-project/training/config/detector/xception_cpu.yaml --weights_path /Users/Hao/thesis-project/training/weights/xception_best.pth --dataset_json_folder /Users/Hao/thesis-project/training/results/final_full_thesis_matrix_top3/evaluation_dataset_json --test_dataset NVIDIA-dataset__jpeg_compress_v1__074f6a9a12__v0 --export_artifacts_dir /Users/Hao/thesis-project/training/results/final_full_thesis_matrix_top3/benchmark_runs/NVIDIA-dataset__jpeg_compress_v1__074f6a9a12__v0/test_artifacts/xception__NVIDIA-dataset__jpeg_compress_v1__074f6a9a12__v0,success,0.430087405,0.45829074175490203,0.47255,0.5598,289.029,-0.013911000000000007,-0.009163766828253095,0.0029499999999999527,0.006500000000000061,60.916
distorted,NVIDIA-dataset,NVIDIA-dataset,noise_v1,noise_v1__d23d8d061a,noise,0,/Users/Hao/thesis-project/training/results/final_full_thesis_matrix_top3/generated_dataset_json/NVIDIA-dataset__noise_v1__d23d8d061a__v0.json,/Users/Hao/thesis-project/training/results/final_full_thesis_matrix_top3/work/augmented/NVIDIA-dataset.jsonl,/Users/Hao/thesis-project/preprocessing/dataset_json/NVIDIA-dataset.json,/Users/Hao/thesis-project/training/results/final_full_thesis_matrix_top3/work/source_jsonl/NVIDIA-dataset__test.jsonl,/Users/Hao/thesis-project/training/results/final_full_thesis_matrix_top3/work/jobs/NVIDIA-dataset.jsonl,/Users/Hao/thesis-project/training/results/final_full_thesis_matrix_top3/work/augmented/NVIDIA-dataset.jsonl,/Users/Hao/thesis-project/training/results/final_full_thesis_matrix_top3/work/distorted_outputs/NVIDIA-dataset,/Users/Hao/thesis-project/training/results/final_full_thesis_matrix_top3/benchmark_runs/NVIDIA-dataset__noise_v1__d23d8d061a__v0,mesonet,MesoNet,naive,NVIDIA-dataset__noise_v1__d23d8d061a__v0,/Users/Hao/thesis-project/training/config/detector/meso4.yaml,/Users/Hao/thesis-project/training/weights/meso4_best.pth,explicit,success,,0,mps,80.875,0.5005,0.5285871449999999,0.4773,0.5097214819284867,0.5285871449999999,/Users/Hao/thesis-project/training/results/final_full_thesis_matrix_top3/benchmark_runs/NVIDIA-dataset__noise_v1__d23d8d061a__v0/test_artifacts/mesonet__NVIDIA-dataset__noise_v1__d23d8d061a__v0,/Users/Hao/thesis-project/training/results/final_full_thesis_matrix_top3/benchmark_runs/NVIDIA-dataset__noise_v1__d23d8d061a__v0/test_artifacts/mesonet__NVIDIA-dataset__noise_v1__d23d8d061a__v0/NVIDIA-dataset__noise_v1__d23d8d061a__v0/predictions.csv,/Users/Hao/thesis-project/training/results/final_full_thesis_matrix_top3/benchmark_runs/NVIDIA-dataset__noise_v1__d23d8d061a__v0/test_artifacts/mesonet__NVIDIA-dataset__noise_v1__d23d8d061a__v0/NVIDIA-dataset__noise_v1__d23d8d061a__v0/metrics.json,/Users/Hao/thesis-project/training/results/final_full_thesis_matrix_top3/benchmark_runs/NVIDIA-dataset__noise_v1__d23d8d061a__v0/logs/mesonet__NVIDIA-dataset__noise_v1__d23d8d061a__v0.log,/Users/Hao/miniconda3/envs/DeepfakeBench311/bin/python /Users/Hao/thesis-project/training/test.py --detector_path /Users/Hao/thesis-project/training/config/detector/meso4.yaml --weights_path /Users/Hao/thesis-project/training/weights/meso4_best.pth --dataset_json_folder /Users/Hao/thesis-project/training/results/final_full_thesis_matrix_top3/evaluation_dataset_json --test_dataset NVIDIA-dataset__noise_v1__d23d8d061a__v0 --export_artifacts_dir /Users/Hao/thesis-project/training/results/final_full_thesis_matrix_top3/benchmark_runs/NVIDIA-dataset__noise_v1__d23d8d061a__v0/test_artifacts/mesonet__NVIDIA-dataset__noise_v1__d23d8d061a__v0,success,0.51938042,0.5005343575423739,0.50065,0.4849,72.858,0.009206724999999971,0.0091871243861128,-0.0001500000000000945,-0.007599999999999996,8.016999999999996
distorted,NVIDIA-dataset,NVIDIA-dataset,noise_v1,noise_v1__d23d8d061a,noise,0,/Users/Hao/thesis-project/training/results/final_full_thesis_matrix_top3/generated_dataset_json/NVIDIA-dataset__noise_v1__d23d8d061a__v0.json,/Users/Hao/thesis-project/training/results/final_full_thesis_matrix_top3/work/augmented/NVIDIA-dataset.jsonl,/Users/Hao/thesis-project/preprocessing/dataset_json/NVIDIA-dataset.json,/Users/Hao/thesis-project/training/results/final_full_thesis_matrix_top3/work/source_jsonl/NVIDIA-dataset__test.jsonl,/Users/Hao/thesis-project/training/results/final_full_thesis_matrix_top3/work/jobs/NVIDIA-dataset.jsonl,/Users/Hao/thesis-project/training/results/final_full_thesis_matrix_top3/work/augmented/NVIDIA-dataset.jsonl,/Users/Hao/thesis-project/training/results/final_full_thesis_matrix_top3/work/distorted_outputs/NVIDIA-dataset,/Users/Hao/thesis-project/training/results/final_full_thesis_matrix_top3/benchmark_runs/NVIDIA-dataset__noise_v1__d23d8d061a__v0,mesoinception,MesoInception,naive,NVIDIA-dataset__noise_v1__d23d8d061a__v0,/Users/Hao/thesis-project/training/config/detector/meso4Inception.yaml,/Users/Hao/thesis-project/training/weights/meso4Incep_best.pth,explicit,success,,0,mps,80.053,0.4946,0.48881842499999995,0.5058,0.48789951549367383,0.48881842499999995,/Users/Hao/thesis-project/training/results/final_full_thesis_matrix_top3/benchmark_runs/NVIDIA-dataset__noise_v1__d23d8d061a__v0/test_artifacts/mesoinception__NVIDIA-dataset__noise_v1__d23d8d061a__v0,/Users/Hao/thesis-project/training/results/final_full_thesis_matrix_top3/benchmark_runs/NVIDIA-dataset__noise_v1__d23d8d061a__v0/test_artifacts/mesoinception__NVIDIA-dataset__noise_v1__d23d8d061a__v0/NVIDIA-dataset__noise_v1__d23d8d061a__v0/predictions.csv,/Users/Hao/thesis-project/training/results/final_full_thesis_matrix_top3/benchmark_runs/NVIDIA-dataset__noise_v1__d23d8d061a__v0/test_artifacts/mesoinception__NVIDIA-dataset__noise_v1__d23d8d061a__v0/NVIDIA-dataset__noise_v1__d23d8d061a__v0/metrics.json,/Users/Hao/thesis-project/training/results/final_full_thesis_matrix_top3/benchmark_runs/NVIDIA-dataset__noise_v1__d23d8d061a__v0/logs/mesoinception__NVIDIA-dataset__noise_v1__d23d8d061a__v0.log,/Users/Hao/miniconda3/envs/DeepfakeBench311/bin/python /Users/Hao/thesis-project/training/test.py --detector_path /Users/Hao/thesis-project/training/config/detector/meso4Inception.yaml --weights_path /Users/Hao/thesis-project/training/weights/meso4Incep_best.pth --dataset_json_folder /Users/Hao/thesis-project/training/results/final_full_thesis_matrix_top3/evaluation_dataset_json --test_dataset NVIDIA-dataset__noise_v1__d23d8d061a__v0 --export_artifacts_dir /Users/Hao/thesis-project/training/results/final_full_thesis_matrix_top3/benchmark_runs/NVIDIA-dataset__noise_v1__d23d8d061a__v0/test_artifacts/mesoinception__NVIDIA-dataset__noise_v1__d23d8d061a__v0,success,0.467774925,0.4724492762690568,0.47755,0.5226,80.111,0.021043499999999937,0.015450239224617024,0.01705000000000001,-0.016799999999999926,-0.058000000000006935
distorted,NVIDIA-dataset,NVIDIA-dataset,noise_v1,noise_v1__d23d8d061a,noise,0,/Users/Hao/thesis-project/training/results/final_full_thesis_matrix_top3/generated_dataset_json/NVIDIA-dataset__noise_v1__d23d8d061a__v0.json,/Users/Hao/thesis-project/training/results/final_full_thesis_matrix_top3/work/augmented/NVIDIA-dataset.jsonl,/Users/Hao/thesis-project/preprocessing/dataset_json/NVIDIA-dataset.json,/Users/Hao/thesis-project/training/results/final_full_thesis_matrix_top3/work/source_jsonl/NVIDIA-dataset__test.jsonl,/Users/Hao/thesis-project/training/results/final_full_thesis_matrix_top3/work/jobs/NVIDIA-dataset.jsonl,/Users/Hao/thesis-project/training/results/final_full_thesis_matrix_top3/work/augmented/NVIDIA-dataset.jsonl,/Users/Hao/thesis-project/training/results/final_full_thesis_matrix_top3/work/distorted_outputs/NVIDIA-dataset,/Users/Hao/thesis-project/training/results/final_full_thesis_matrix_top3/benchmark_runs/NVIDIA-dataset__noise_v1__d23d8d061a__v0,xception,Xception,naive,NVIDIA-dataset__noise_v1__d23d8d061a__v0,/Users/Hao/thesis-project/training/config/detector/xception_cpu.yaml,/Users/Hao/thesis-project/training/weights/xception_best.pth,explicit,success,,0,mps,380.836,0.49815,0.487191105,0.5101,0.4864013739405605,0.487191105,/Users/Hao/thesis-project/training/results/final_full_thesis_matrix_top3/benchmark_runs/NVIDIA-dataset__noise_v1__d23d8d061a__v0/test_artifacts/xception__NVIDIA-dataset__noise_v1__d23d8d061a__v0,/Users/Hao/thesis-project/training/results/final_full_thesis_matrix_top3/benchmark_runs/NVIDIA-dataset__noise_v1__d23d8d061a__v0/test_artifacts/xception__NVIDIA-dataset__noise_v1__d23d8d061a__v0/NVIDIA-dataset__noise_v1__d23d8d061a__v0/predictions.csv,/Users/Hao/thesis-project/training/results/final_full_thesis_matrix_top3/benchmark_runs/NVIDIA-dataset__noise_v1__d23d8d061a__v0/test_artifacts/xception__NVIDIA-dataset__noise_v1__d23d8d061a__v0/NVIDIA-dataset__noise_v1__d23d8d061a__v0/metrics.json,/Users/Hao/thesis-project/training/results/final_full_thesis_matrix_top3/benchmark_runs/NVIDIA-dataset__noise_v1__d23d8d061a__v0/logs/xception__NVIDIA-dataset__noise_v1__d23d8d061a__v0.log,/Users/Hao/miniconda3/envs/DeepfakeBench311/bin/python /Users/Hao/thesis-project/training/test.py --detector_path /Users/Hao/thesis-project/training/config/detector/xception_cpu.yaml --weights_path /Users/Hao/thesis-project/training/weights/xception_best.pth --dataset_json_folder /Users/Hao/thesis-project/training/results/final_full_thesis_matrix_top3/evaluation_dataset_json --test_dataset NVIDIA-dataset__noise_v1__d23d8d061a__v0 --export_artifacts_dir /Users/Hao/thesis-project/training/results/final_full_thesis_matrix_top3/benchmark_runs/NVIDIA-dataset__noise_v1__d23d8d061a__v0/test_artifacts/xception__NVIDIA-dataset__noise_v1__d23d8d061a__v0,success,0.430087405,0.45829074175490203,0.47255,0.5598,289.029,0.057103700000000035,0.028110632185658457,0.025599999999999956,-0.049699999999999966,91.80700000000002
distorted,NVIDIA-dataset,NVIDIA-dataset,snapchat_text_overlay_v1,snapchat_text_overlay_v1__ddc9a26517,text_overlay,0,/Users/Hao/thesis-project/training/results/final_full_thesis_matrix_top3/generated_dataset_json/NVIDIA-dataset__snapchat_text_overlay_v1__ddc9a26517__v0.json,/Users/Hao/thesis-project/training/results/final_full_thesis_matrix_top3/work/augmented/NVIDIA-dataset.jsonl,/Users/Hao/thesis-project/preprocessing/dataset_json/NVIDIA-dataset.json,/Users/Hao/thesis-project/training/results/final_full_thesis_matrix_top3/work/source_jsonl/NVIDIA-dataset__test.jsonl,/Users/Hao/thesis-project/training/results/final_full_thesis_matrix_top3/work/jobs/NVIDIA-dataset.jsonl,/Users/Hao/thesis-project/training/results/final_full_thesis_matrix_top3/work/augmented/NVIDIA-dataset.jsonl,/Users/Hao/thesis-project/training/results/final_full_thesis_matrix_top3/work/distorted_outputs/NVIDIA-dataset,/Users/Hao/thesis-project/training/results/final_full_thesis_matrix_top3/benchmark_runs/NVIDIA-dataset__snapchat_text_overlay_v1__ddc9a26517__v0,mesonet,MesoNet,naive,NVIDIA-dataset__snapchat_text_overlay_v1__ddc9a26517__v0,/Users/Hao/thesis-project/training/config/detector/meso4.yaml,/Users/Hao/thesis-project/training/weights/meso4_best.pth,explicit,success,,0,mps,82.978,0.50385,0.51991414,0.4829,0.5051439581839983,0.51991414,/Users/Hao/thesis-project/training/results/final_full_thesis_matrix_top3/benchmark_runs/NVIDIA-dataset__snapchat_text_overlay_v1__ddc9a26517__v0/test_artifacts/mesonet__NVIDIA-dataset__snapchat_text_overlay_v1__ddc9a26517__v0,/Users/Hao/thesis-project/training/results/final_full_thesis_matrix_top3/benchmark_runs/NVIDIA-dataset__snapchat_text_overlay_v1__ddc9a26517__v0/test_artifacts/mesonet__NVIDIA-dataset__snapchat_text_overlay_v1__ddc9a26517__v0/NVIDIA-dataset__snapchat_text_overlay_v1__ddc9a26517__v0/predictions.csv,/Users/Hao/thesis-project/training/results/final_full_thesis_matrix_top3/benchmark_runs/NVIDIA-dataset__snapchat_text_overlay_v1__ddc9a26517__v0/test_artifacts/mesonet__NVIDIA-dataset__snapchat_text_overlay_v1__ddc9a26517__v0/NVIDIA-dataset__snapchat_text_overlay_v1__ddc9a26517__v0/metrics.json,/Users/Hao/thesis-project/training/results/final_full_thesis_matrix_top3/benchmark_runs/NVIDIA-dataset__snapchat_text_overlay_v1__ddc9a26517__v0/logs/mesonet__NVIDIA-dataset__snapchat_text_overlay_v1__ddc9a26517__v0.log,/Users/Hao/miniconda3/envs/DeepfakeBench311/bin/python /Users/Hao/thesis-project/training/test.py --detector_path /Users/Hao/thesis-project/training/config/detector/meso4.yaml --weights_path /Users/Hao/thesis-project/training/weights/meso4_best.pth --dataset_json_folder /Users/Hao/thesis-project/training/results/final_full_thesis_matrix_top3/evaluation_dataset_json --test_dataset NVIDIA-dataset__snapchat_text_overlay_v1__ddc9a26517__v0 --export_artifacts_dir /Users/Hao/thesis-project/training/results/final_full_thesis_matrix_top3/benchmark_runs/NVIDIA-dataset__snapchat_text_overlay_v1__ddc9a26517__v0/test_artifacts/mesonet__NVIDIA-dataset__snapchat_text_overlay_v1__ddc9a26517__v0,success,0.51938042,0.5005343575423739,0.50065,0.4849,72.858,0.0005337200000000708,0.004609600641624412,0.0031999999999999806,-0.0020000000000000018,10.11999999999999
distorted,NVIDIA-dataset,NVIDIA-dataset,snapchat_text_overlay_v1,snapchat_text_overlay_v1__ddc9a26517,text_overlay,0,/Users/Hao/thesis-project/training/results/final_full_thesis_matrix_top3/generated_dataset_json/NVIDIA-dataset__snapchat_text_overlay_v1__ddc9a26517__v0.json,/Users/Hao/thesis-project/training/results/final_full_thesis_matrix_top3/work/augmented/NVIDIA-dataset.jsonl,/Users/Hao/thesis-project/preprocessing/dataset_json/NVIDIA-dataset.json,/Users/Hao/thesis-project/training/results/final_full_thesis_matrix_top3/work/source_jsonl/NVIDIA-dataset__test.jsonl,/Users/Hao/thesis-project/training/results/final_full_thesis_matrix_top3/work/jobs/NVIDIA-dataset.jsonl,/Users/Hao/thesis-project/training/results/final_full_thesis_matrix_top3/work/augmented/NVIDIA-dataset.jsonl,/Users/Hao/thesis-project/training/results/final_full_thesis_matrix_top3/work/distorted_outputs/NVIDIA-dataset,/Users/Hao/thesis-project/training/results/final_full_thesis_matrix_top3/benchmark_runs/NVIDIA-dataset__snapchat_text_overlay_v1__ddc9a26517__v0,mesoinception,MesoInception,naive,NVIDIA-dataset__snapchat_text_overlay_v1__ddc9a26517__v0,/Users/Hao/thesis-project/training/config/detector/meso4Inception.yaml,/Users/Hao/thesis-project/training/weights/meso4Incep_best.pth,explicit,success,,0,mps,81.37,0.4929,0.48664558,0.5072,0.48960821622085615,0.48664558,/Users/Hao/thesis-project/training/results/final_full_thesis_matrix_top3/benchmark_runs/NVIDIA-dataset__snapchat_text_overlay_v1__ddc9a26517__v0/test_artifacts/mesoinception__NVIDIA-dataset__snapchat_text_overlay_v1__ddc9a26517__v0,/Users/Hao/thesis-project/training/results/final_full_thesis_matrix_top3/benchmark_runs/NVIDIA-dataset__snapchat_text_overlay_v1__ddc9a26517__v0/test_artifacts/mesoinception__NVIDIA-dataset__snapchat_text_overlay_v1__ddc9a26517__v0/NVIDIA-dataset__snapchat_text_overlay_v1__ddc9a26517__v0/predictions.csv,/Users/Hao/thesis-project/training/results/final_full_thesis_matrix_top3/benchmark_runs/NVIDIA-dataset__snapchat_text_overlay_v1__ddc9a26517__v0/test_artifacts/mesoinception__NVIDIA-dataset__snapchat_text_overlay_v1__ddc9a26517__v0/NVIDIA-dataset__snapchat_text_overlay_v1__ddc9a26517__v0/metrics.json,/Users/Hao/thesis-project/training/results/final_full_thesis_matrix_top3/benchmark_runs/NVIDIA-dataset__snapchat_text_overlay_v1__ddc9a26517__v0/logs/mesoinception__NVIDIA-dataset__snapchat_text_overlay_v1__ddc9a26517__v0.log,/Users/Hao/miniconda3/envs/DeepfakeBench311/bin/python /Users/Hao/thesis-project/training/test.py --detector_path /Users/Hao/thesis-project/training/config/detector/meso4Inception.yaml --weights_path /Users/Hao/thesis-project/training/weights/meso4Incep_best.pth --dataset_json_folder /Users/Hao/thesis-project/training/results/final_full_thesis_matrix_top3/evaluation_dataset_json --test_dataset NVIDIA-dataset__snapchat_text_overlay_v1__ddc9a26517__v0 --export_artifacts_dir /Users/Hao/thesis-project/training/results/final_full_thesis_matrix_top3/benchmark_runs/NVIDIA-dataset__snapchat_text_overlay_v1__ddc9a26517__v0/test_artifacts/mesoinception__NVIDIA-dataset__snapchat_text_overlay_v1__ddc9a26517__v0,success,0.467774925,0.4724492762690568,0.47755,0.5226,80.111,0.018870655000000014,0.017158939951799346,0.01535000000000003,-0.01539999999999997,1.2590000000000003
distorted,NVIDIA-dataset,NVIDIA-dataset,snapchat_text_overlay_v1,snapchat_text_overlay_v1__ddc9a26517,text_overlay,0,/Users/Hao/thesis-project/training/results/final_full_thesis_matrix_top3/generated_dataset_json/NVIDIA-dataset__snapchat_text_overlay_v1__ddc9a26517__v0.json,/Users/Hao/thesis-project/training/results/final_full_thesis_matrix_top3/work/augmented/NVIDIA-dataset.jsonl,/Users/Hao/thesis-project/preprocessing/dataset_json/NVIDIA-dataset.json,/Users/Hao/thesis-project/training/results/final_full_thesis_matrix_top3/work/source_jsonl/NVIDIA-dataset__test.jsonl,/Users/Hao/thesis-project/training/results/final_full_thesis_matrix_top3/work/jobs/NVIDIA-dataset.jsonl,/Users/Hao/thesis-project/training/results/final_full_thesis_matrix_top3/work/augmented/NVIDIA-dataset.jsonl,/Users/Hao/thesis-project/training/results/final_full_thesis_matrix_top3/work/distorted_outputs/NVIDIA-dataset,/Users/Hao/thesis-project/training/results/final_full_thesis_matrix_top3/benchmark_runs/NVIDIA-dataset__snapchat_text_overlay_v1__ddc9a26517__v0,xception,Xception,naive,NVIDIA-dataset__snapchat_text_overlay_v1__ddc9a26517__v0,/Users/Hao/thesis-project/training/config/detector/xception_cpu.yaml,/Users/Hao/thesis-project/training/weights/xception_best.pth,explicit,success,,0,mps,390.416,0.4938,0.46654954,0.5262,0.48850731399061553,0.46654954,/Users/Hao/thesis-project/training/results/final_full_thesis_matrix_top3/benchmark_runs/NVIDIA-dataset__snapchat_text_overlay_v1__ddc9a26517__v0/test_artifacts/xception__NVIDIA-dataset__snapchat_text_overlay_v1__ddc9a26517__v0,/Users/Hao/thesis-project/training/results/final_full_thesis_matrix_top3/benchmark_runs/NVIDIA-dataset__snapchat_text_overlay_v1__ddc9a26517__v0/test_artifacts/xception__NVIDIA-dataset__snapchat_text_overlay_v1__ddc9a26517__v0/NVIDIA-dataset__snapchat_text_overlay_v1__ddc9a26517__v0/predictions.csv,/Users/Hao/thesis-project/training/results/final_full_thesis_matrix_top3/benchmark_runs/NVIDIA-dataset__snapchat_text_overlay_v1__ddc9a26517__v0/test_artifacts/xception__NVIDIA-dataset__snapchat_text_overlay_v1__ddc9a26517__v0/NVIDIA-dataset__snapchat_text_overlay_v1__ddc9a26517__v0/metrics.json,/Users/Hao/thesis-project/training/results/final_full_thesis_matrix_top3/benchmark_runs/NVIDIA-dataset__snapchat_text_overlay_v1__ddc9a26517__v0/logs/xception__NVIDIA-dataset__snapchat_text_overlay_v1__ddc9a26517__v0.log,/Users/Hao/miniconda3/envs/DeepfakeBench311/bin/python /Users/Hao/thesis-project/training/test.py --detector_path /Users/Hao/thesis-project/training/config/detector/xception_cpu.yaml --weights_path /Users/Hao/thesis-project/training/weights/xception_best.pth --dataset_json_folder /Users/Hao/thesis-project/training/results/final_full_thesis_matrix_top3/evaluation_dataset_json --test_dataset NVIDIA-dataset__snapchat_text_overlay_v1__ddc9a26517__v0 --export_artifacts_dir /Users/Hao/thesis-project/training/results/final_full_thesis_matrix_top3/benchmark_runs/NVIDIA-dataset__snapchat_text_overlay_v1__ddc9a26517__v0/test_artifacts/xception__NVIDIA-dataset__snapchat_text_overlay_v1__ddc9a26517__v0,success,0.430087405,0.45829074175490203,0.47255,0.5598,289.029,0.03646213500000001,0.0302165722357135,0.02124999999999999,-0.03359999999999996,101.387
